total_trades,win_rate,avg_return,final_equity
37,0.05405405405405406,-15.923231024575948,123.74
