total_trades,win_rate,avg_return,final_equity
39,0.1794871794871795,-12.404571236101258,333.14
