total_trades,win_rate,avg_return,final_equity
37,0.16216216216216217,-12.503893856879444,453.98
