total_trades,win_rate,avg_return,final_equity
36,0.3333333333333333,-7.390609934959937,3618.53
